#{"t_start": 1623402963.4887931, "env_id": "quadruped-v2"}
r,l,t,reward_velocity,reward_position,reward_energy,reward_ang_vel,reward_orientation,reward_contact,reward_ctrl,reward
1192.337873,2582,22.329349,0.13847024441575906,0.13372448438757037,7.43807507774534e-10,0.011493352687126217,0.057933741286082696,0.0599999620512745,0.01441564413234907,0.4160374297039694
