#{"t_start": 1623517016.722191, "env_id": "quadruped-v2"}
r,l,t,reward_velocity,reward_position,reward_energy,reward_ang_vel,reward_orientation,reward_contact,reward_ctrl,reward
-13031.769832,2706,23.69003,-0.3383813962020215,0.0642575366941014,0.009130135400929202,-2.5306405895345034,0.04361384079180657,0.04999048973581318,-2.9458184,-5.647848407338728
-11042.328947,2398,33.273974,-0.24396216210620925,0.05697632865119674,0.008131125680830803,-1.097116587502457,0.08755405850676895,0.04928589397492534,-3.059193,-4.1983242386842266
-14928.447653,2816,44.691947,-0.1856306964705315,0.031438445523206626,0.006582497608103756,-2.259955374145963,0.04782025840159815,0.04951581162942628,-3.9317126,-6.241941684865048
