#{"t_start": 1623275708.4770818, "env_id": "quadruped-v1"}
r,l,t,reward_velocity,reward_energy,reward_distance,reward,penalty139.354046,128,152.756047,7.881572821705696e-08,1.4495299735173997e-12,0.19463603727650008,0.19463611609367784,0.0
119.087978,128,322.238076,0.6880616962763515,9.937057768490757e-09,0.40245408633121,1.0905157925446194,0.0
172.42332,128,520.117202,0.0041321180346362224,0.14342009415113577,0.02941106735868828,0.17696327954446028,0.0
2.0,2,523.348875,0.9999986523945723,2.101857571075554e-60,1.8936008137660255e-06,1.000000545995386,0.0
2.0,2,526.612882,0.9999986523946676,2.101857571075554e-60,1.8936008137660255e-06,1.0000005459954813,0.0
162.677569,128,727.811879,0.9913016928495354,0.8945708710217681,0.27207610200964,2.1579486658809435,0.0
