#{"t_start": 1623275708.3973355, "env_id": "quadruped-v1"}
r,l,t,reward_velocity,reward_energy,reward_distance,reward,penalty
124.116795,128,152.518244,0.005274669614101321,0.6619269230462506,1.582267366139946,2.249468958800298,0.0
2.0,2,155.128195,0.9999985496978934,8.099785860667125e-60,2.1474924700305366e-06,1.0000006971903634,0.0
2.0,2,157.801318,0.9999985444669915,8.100263958819817e-60,2.2122386381075994e-06,1.0000007567056297,0.0
123.620547,128,328.027547,0.9945059873463544,0.9765394342803836,0.16112172732785654,2.1321671489545944,0.0
184.643812,128,526.348744,0.9998775151730549,0.9668022169615346,0.028567507681164395,1.995247239815754,0.0
232.625317,128,727.279891,0.9861872632894727,0.8600485635745998,0.00489673697414392,1.8511325638382163,0.0
2.0,2,730.168876,0.99999821927095,8.108926275986463e-36,2.709799981511139e-06,1.0000009290709315,0.0
2.0,2,732.994978,0.9999982373445715,5.109857200152717e-46,2.6178329059060987e-06,1.0000008551774775,0.0
